States/UTs,Road Accidents  2016,Road Accidents  2017,Road Accidents  2018, Road Accidents  2019,Road Accident Rank (2019),Accident Share (%) - 2016,Accident Share (%) - 2017,Accident Share (%) - 2018,Accident Share (%) - 2019,Accidents/Lakh Population (2016),Accidents/Lakh Population (2017),Accidents/Lakh Population ( 2018),Accidents/Lakh Population (2019),Accident Incidence Per Lakh Population,Risk level Per lakh population,Accidents per 10K Vehicles (2016),Accidents per 10K Vehicles (2017) ,Accidents per 10K Vehicles (2018) ,Accidents per 10K Vehicles (2019),Road Accidents per 10K Km (2016),Road Accidents per 10K Km (2017),Road Accidents per 10K Km (2018P)
Andaman And Nicobar Islands,238,189,254,230,31,0.05%,0.04%,0.05%,0.05%,43.19,33.57,44.17,39.12,30.245,Medium Risk,21.42,15.55,19.37,16.31,1594.32,1168.92,1415.83
Andhra Pradesh,24888,25727,24475,21992,8,5.18%,5.53%,5.24%,4.90%,28.17,28.9,27.29,24.35,22.315,Low Risk,28.52,26.73,22.67,18.34,1427.34,1457.84,1121.73
Arunachal Pradesh,249,241,277,237,30,0.05%,0.05%,0.06%,0.05%,18.96,18.16,20.66,17.5,14.4575,Low Risk,9.4,13.4,13.2,10.3,81.13,65.09,54.79
Assam,7435,7170,8248,8350,16,1.55%,1.54%,1.77%,1.86%,22.91,21.85,24.87,24.91,17.8725,Low Risk,26.39,23.67,23.96,21.21,225.63,212.27,240.04
Bihar,8222,8855,9600,10007,15,1.71%,1.90%,2.06%,2.23%,7.91,8.43,9.04,9.33,6.9025,Low Risk,15,14.18,13.04,11.7,398.19,422.57,330.38
Chandigarh,428,342,316,305,29,0.09%,0.07%,0.07%,0.07%,24.04,18.4,16.28,15.04,14.6975,Low Risk,5.11,3.87,3.32,3.02,1517.21,1212.42,1244.58
Chhattisgarh,13580,13563,13864,13899,11,2.83%,2.92%,2.97%,3.10%,52.47,51.79,52.34,51.9,39.925,Medium Risk,28.23,25.87,23.93,21.8,1417.40,1386.18,1351.56
Dadra And Nagar Haveli,70,67,80,68,34,0.01%,0.01%,0.02%,0.02%,16.59,15.33,17.7,14.53,12.41,Low Risk,6.65,6.02,6.81,5.51,617.43,564.53,673.97
Daman And Diu,71,79,76,69,33,0.01%,0.02%,0.02%,0.02%,21.52,22.97,21.17,18.45,16.42,Low Risk,6.73,6.8,,,1432.58,1853.15,2076.50
Delhi,7375,6673,6515,5610,19,1.53%,1.44%,1.39%,1.25%,34.65,30.48,28.93,24.22,23.8275,Low Risk,7.6,6.5,6.1,4.92,4184.42,3731.62,3702.55
Goa,4304,3917,3709,3440,21,0.90%,0.84%,0.79%,0.77%,217.7,193.62,179.35,162.49,147.86,High Risk,37.16,31.62,27.98,24.54,2679.44,2351.28,1993.34
Gujarat,21859,19081,18769,17046,10,4.55%,4.10%,4.02%,3.80%,34.79,30.03,29.23,26.27,24.4625,Low Risk,10.74,8.66,7.88,6.76,1220.19,1054.63,930.35
Haryana,11234,11258,11238,10944,13,2.34%,2.42%,2.41%,2.44%,40.89,40.4,39.78,38.22,30.8775,Medium Risk,13.01,12.01,14.53,12.73,2317.14,1383.29,2246.66
Himachal Pradesh,3168,3114,3110,2873,22,0.66%,0.67%,0.67%,0.64%,44.65,43.55,43.16,39.58,33,Medium Risk,26.95,22.97,20.8,17.57,568.16,495.76,502.43
Jammu And Kashmir,5501,5624,5978,5796,18,1.14%,1.21%,1.28%,1.29%,44.3,44.83,47.2,45.35,34.405,Medium Risk,40.28,37.22,35.71,31.27,1106.47,887.27,550.07
Jharkhand,4932,5198,5394,5217,20,1.03%,1.12%,1.15%,1.16%,14.66,15.26,15.64,14.95,11.68,Low Risk,19.91,15.35,13.42,11.4,738.48,743.95,682.25
Karnataka,44403,42542,41707,40658,5,9.24%,9.15%,8.93%,9.06%,71.19,67.62,65.75,63.59,53.405,High Risk,27.25,23.8,21.52,19.3,1285.12,1178.31,1176.49
Kerala,39420,38470,40181,41111,4,8.20%,8.27%,8.60%,9.16%,110.49,107.24,111.42,113.44,84.5775,High Risk,38.75,34.04,32.56,30.83,1963.07,1599.17,1562.95
Lakshadweep,1,1,3,1,36,0.00%,0.00%,0.00%,0.00%,1.23,1.22,3.61,1.19,1.515,Low Risk,0.62,0.55,1.66,0.55,47.81,47.10,133.93
Madhya Pradesh,53972,53399,51397,50669,2,11.23%,11.49%,11.00%,11.28%,69.31,67.62,64.21,62.48,53.105,High Risk,48.44,40.46,38.94,38.39,1861.49,1558.39,1412.11
Maharashtra,39878,35853,35717,32925,6,8.30%,7.71%,7.65%,7.33%,33.21,29.51,29.06,26.48,24.7775,Low Risk,14.31,11.87,10.87,9.3,650.10,574.59,570.08
Manipur,538,578,601,672,25,0.11%,0.12%,0.13%,0.15%,20.76,22.07,22.71,25.14,16.4225,Low Risk,17.58,16.99,19.52,18.57,217.15,209.33,205.96
Meghalaya,620,675,399,482,27,0.13%,0.15%,0.09%,0.11%,22.36,24.08,14.09,16.85,15.16,Low Risk,11.1,11.58,12,13.18,285.36,294.26,91.02
Mizoram,83,68,53,62,35,0.02%,0.01%,0.01%,0.01%,7.81,6.33,4.88,5.66,4.7575,Low Risk,4.85,3.64,2.55,2.65,102.37,61.75,39.63
Nagaland,75,531,430,358,28,0.02%,0.11%,0.09%,0.08%,3.15,22.08,17.7,14.59,10.7525,Low Risk,1.97,12.95,9.57,7.31,20.77,146.53,117.16
Odisha,10532,10855,11262,11064,12,2.19%,2.33%,2.41%,2.46%,24.79,25.36,26.11,25.46,19.68,Low Risk,18.05,16.55,15.17,13.36,365.59,357.46,365.68
Puducherry,1766,1693,1597,1392,23,0.37%,0.36%,0.34%,0.31%,105.81,97.69,88.82,74.52,73.1575,High Risk,20.46,18.2,16,13.1,5564.71,5221.79,3720.01
Punjab,6952,6273,6428,6348,17,1.45%,1.35%,1.38%,1.41%,23.88,21.36,21.7,21.25,17.0875,Low Risk,7.67,6.37,6.64,6.01,641.46,449.70,450.66
Rajasthan,23066,22112,21743,23480,7,4.80%,4.76%,4.66%,5.23%,31.62,29.91,29.04,30.96,23.95,Low Risk,16.92,14.84,13.36,13.26,907.11,832.53,693.80
Sikkim,210,196,180,162,32,0.04%,0.04%,0.04%,0.04%,32.46,30.02,27.27,24.29,22.4475,Low Risk,42.85,36.23,29.34,22.57,254.76,172.14,133.23
Tamil Nadu,71431,65562,63920,57228,1,14.86%,14.10%,13.69%,12.75%,102.93,94.02,91.25,81.35,75.2375,High Risk,29.51,25.11,22.79,18.97,2736.46,2507.76,2367.35
Telangana,22811,22484,22230,21570,9,4.75%,4.84%,4.76%,4.80%,,,,,4.8,Low Risk,26.19,22.84,20.27,17.78,1845.97,1782.53,1735.76
Tripura,557,503,552,655,26,0.12%,0.11%,0.12%,0.15%,14.56,13.01,14.13,16.6,10.4625,Low Risk,17.43,13.14,12.69,13.21,141.50,117.18,127.73
Uttar Pradesh,35612,38783,42568,42572,3,7.41%,8.34%,9.11%,9.48%,16.33,17.51,18.93,18.66,15.5625,Low Risk,14.88,14.77,14.48,13.01,843.06,906.03,975.59
Uttarakhand,1591,1603,1468,1352,24,0.33%,0.34%,0.31%,0.30%,14.96,14.9,13.48,12.28,10.91,Low Risk,8.43,7.5,5.92,4.91,260.74,229.73,277.78
West Bengal,13580,11631,12705,10158,14,2.83%,2.50%,2.72%,2.26%,14.52,12.33,13.36,10.6,10.6175,Low Risk,20.93,15.62,14.82,10.42,428.76,361.14,386.02
